video,cohort,primary_event_count,di_v1_score,visual_cluster
03z5yv5b,POSTDEFENSE_MIOU80,5,0.60581196581196584,3
07b5d86c,POSTDEFENSE_MIOU80,2,0.55598290598290601,0
0hvbhkgs,POSTDEFENSE_MIOU80,1,0.52837606837606832,4
0mpk5bxc,POSTDEFENSE_MIOU80,1,0.58846153846153837,16
111e0a5c,POSTDEFENSE_MIOU80,1,0.61589743589743595,0
1c28e081,POSTDEFENSE_MIOU80,1,0.39769230769230768,19
1is3mqqg,POSTDEFENSE_MIOU80,2,0.62470085470085468,0
1mgutbc4,POSTDEFENSE_MIOU80,5,0.60341880341880338,9
22e8b380,POSTDEFENSE_MIOU80,1,0.37991452991452995,9
233406ef,POSTDEFENSE_MIOU80,2,0.45820512820512826,4
2u8x1k06,POSTDEFENSE_MIOU80,1,0.51666666666666672,14
4heroisd,POSTDEFENSE_MIOU80,3,0.62213675213675201,9
5ixdd0df,POSTDEFENSE_MIOU80,2,0.51418803418803416,6
5oe1xea6,POSTDEFENSE_MIOU80,2,0.41435897435897429,9
5z6j8sms,POSTDEFENSE_MIOU80,2,0.57777777777777772,1
6pbz05ig,POSTDEFENSE_MIOU80,1,0.42051282051282046,4
6uspxt1h,POSTDEFENSE_MIOU80,1,0.48333333333333328,9
7e709e2d,POSTDEFENSE_MIOU80,1,0.41948717948717951,15
8248698e,POSTDEFENSE_MIOU80,1,0.51931623931623927,15
83y40rzo,POSTDEFENSE_MIOU80,2,0.52555555555555555,5
86a2b59f,POSTDEFENSE_MIOU80,3,0.63384615384615384,12
89b5mx0s,POSTDEFENSE_MIOU80,1,0.30726495726495723,1
8bex1hz5,POSTDEFENSE_MIOU80,1,0.49470085470085473,17
8euadjai,POSTDEFENSE_MIOU80,1,0.2976923076923077,2
8jfizvdz,POSTDEFENSE_MIOU80,1,0.66829059829059834,4
8tvotg2q,POSTDEFENSE_MIOU80,1,0.46384615384615391,1
9061dac9,POSTDEFENSE_MIOU80,1,0.51931623931623927,7
95hiop0z,POSTDEFENSE_MIOU80,1,0.32991452991452991,11
9g0v3wxp,POSTDEFENSE_MIOU80,1,0.4184615384615385,12
a97wplik,POSTDEFENSE_MIOU80,4,0.53829059829059822,16
atwg18fz,POSTDEFENSE_MIOU80,1,0.45991452991452997,18
b563b04f,POSTDEFENSE_MIOU80,3,0.47376068376068375,9
barjazzs,POSTDEFENSE_MIOU80,2,0.41316239316239312,16
bvmdlnk1,POSTDEFENSE_MIOU80,1,0.60735042735042732,8
ceuol9pe,POSTDEFENSE_MIOU80,1,0.34846153846153849,3
cmmzeeko,POSTDEFENSE_MIOU80,3,0.34042735042735045,2
csokkzd1,POSTDEFENSE_MIOU80,1,0.39974358974358976,6
cxhkrobf,POSTDEFENSE_MIOU80,1,0.37632478632478633,17
d48c552d,POSTDEFENSE_MIOU80,1,0.64709401709401704,9
dde85a9d,POSTDEFENSE_MIOU80,1,0.28632478632478631,0
e14d1f96,POSTDEFENSE_MIOU80,1,0.30982905982905984,0
ea65e6b7,POSTDEFENSE_MIOU80,1,0.41401709401709408,16
f24rbcm7,POSTDEFENSE_MIOU80,2,0.54957264957264962,14
f5d2d8d3,POSTDEFENSE_MIOU80,1,0.63726495726495735,15
f8e5f837,POSTDEFENSE_MIOU80,1,0.42786324786324786,0
fihg1bdo,POSTDEFENSE_MIOU80,2,0.49914529914529915,2
fsi3n9sa,POSTDEFENSE_MIOU80,1,0.64427350427350427,4
fvuleox7,POSTDEFENSE_MIOU80,2,0.39188034188034188,2
g6ir5t2f,POSTDEFENSE_MIOU80,9,0.64102564102564108,2
gz9huf37,POSTDEFENSE_MIOU80,1,0.45358974358974358,17
h7btlkbi,POSTDEFENSE_MIOU80,1,0.46188034188034194,14
hm8b1caq,POSTDEFENSE_MIOU80,2,0.54059829059829068,10
i3bi3vff,POSTDEFENSE_MIOU80,2,0.47230769230769243,14
iqxext8k,POSTDEFENSE_MIOU80,2,0.37794871794871793,3
k6mwrhcn,POSTDEFENSE_MIOU80,1,0.53384615384615386,6
kuyatgrp,POSTDEFENSE_MIOU80,5,0.65393162393162396,17
kv53tjsw,POSTDEFENSE_MIOU80,1,0.50863247863247862,14
l6zdy2cc,POSTDEFENSE_MIOU80,1,0.56504273504273494,10
l7k00l6c,POSTDEFENSE_MIOU80,1,0.45316239316239315,3
leu252hn,POSTDEFENSE_MIOU80,4,0.60444444444444445,3
lfc2jl2f,POSTDEFENSE_MIOU80,2,0.42555555555555558,11
mfble881,POSTDEFENSE_MIOU80,1,0.55777777777777771,14
nl87m8lt,POSTDEFENSE_MIOU80,3,0.35991452991452993,14
nsg01vj9,POSTDEFENSE_MIOU80,2,0.36461538461538467,5
nxzxpfac,POSTDEFENSE_MIOU80,2,0.49623931623931627,12
nz14uioy,POSTDEFENSE_MIOU80,1,0.44752136752136751,15
oq4xkb08,POSTDEFENSE_MIOU80,3,0.50427350427350437,1
paqd3t4y,POSTDEFENSE_MIOU80,1,0.49743589743589745,13
pl1t7w03,POSTDEFENSE_MIOU80,2,0.4885470085470085,13
ponb8hrz,POSTDEFENSE_MIOU80,2,0.38222222222222219,16
pq6uabeq,POSTDEFENSE_MIOU80,1,0.43777777777777782,3
r2fmxg6h,POSTDEFENSE_MIOU80,3,0.59888888888888892,3
s41qtfd2,POSTDEFENSE_MIOU80,1,0.45940170940170943,14
spakvkft,POSTDEFENSE_MIOU80,1,0.39948717948717949,5
u1khbyb0,POSTDEFENSE_MIOU80,2,0.34059829059829061,10
u5uziar2,POSTDEFENSE_MIOU80,1,0.46316239316239322,13
vonb12dh,POSTDEFENSE_MIOU80,1,0.44008547008547005,4
vu9u4d13,POSTDEFENSE_MIOU80,3,0.62957264957264958,17
w6eqbxev,POSTDEFENSE_MIOU80,1,0.45128205128205129,6
z5lwwo14,POSTDEFENSE_MIOU80,1,0.50418803418803415,3
