video,run_label,tracker_variant,tau,n_frames,n_objects,eligible_nonconditioning_frames,evaluable_object_frames,iou_sum,mean_iou,admit_count,block_count,write_rate,peak_vram_gb,runtime_sec
03z5yv5b,B0,B0,,470,1,469,354,207.5417843239739,0.586276226903881,469,0,1.0,10.103724956512451,48.58650231361389
03z5yv5b,B2,B2,0.1,470,1,469,354,210.96164545785143,0.5959368515758515,146,323,0.31130063965884863,9.80525016784668,49.03618597984314
07b5d86c,B0,B0,,74,6,73,404,345.7952489634068,0.8559288340678386,73,0,1.0,6.50412654876709,13.808289527893066
07b5d86c,B2,B2,0.1,74,6,73,404,238.76813675207555,0.5910102394853355,9,64,0.1232876712328767,6.133920192718506,13.404905080795288
0hvbhkgs,B0,B0,,90,1,89,6,0.8973738769868694,0.1495623128311449,89,0,1.0,5.434512615203857,9.013104677200317
0hvbhkgs,B2,B2,0.1,90,1,89,6,5.7530278420472145,0.9588379736745357,7,82,0.07865168539325842,5.358306407928467,8.942020654678345
0mpk5bxc,B0,B0,,61,2,60,111,54.31884396687834,0.48935895465656165,60,0,1.0,5.309163570404053,7.396912097930908
0mpk5bxc,B2,B2,0.1,61,2,60,111,52.44074290987317,0.4724391253141727,28,32,0.4666666666666667,5.24168586730957,7.633674144744873
111e0a5c,B0,B0,,175,5,174,805,577.1922255856248,0.7170089758827637,174,0,1.0,7.900507926940918,29.654553651809692
111e0a5c,B2,B2,0.1,175,5,174,805,390.1112855283633,0.48461029258181776,47,127,0.27011494252873564,7.264961242675781,28.76080298423767
1c28e081,B0,B0,,68,1,67,36,32.954441518223035,0.9154011532839732,67,0,1.0,5.163698673248291,6.7804343700408936
1c28e081,B2,B2,0.1,68,1,67,36,33.3051074638212,0.9251418739950333,30,37,0.44776119402985076,5.131721496582031,6.822323322296143
1is3mqqg,B0,B0,,60,2,59,90,63.374347576452315,0.7041594175161369,59,0,1.0,5.294992446899414,7.378583669662476
1is3mqqg,B2,B2,0.1,60,2,59,90,47.451808219181984,0.5272423135464664,21,38,0.3559322033898305,5.2153639793396,7.267948627471924
1mgutbc4,B0,B0,,56,3,55,69,66.36784038732205,0.9618527592365514,55,0,1.0,5.497931003570557,7.493974447250366
1mgutbc4,B2,B2,0.1,56,3,55,69,62.74976097538169,0.9094168257301695,13,42,0.23636363636363636,5.365426063537598,7.700928688049316
22e8b380,B0,B0,,94,1,93,58,55.483576396113584,0.9566133861398893,93,0,1.0,5.475924015045166,9.439229965209961
22e8b380,B2,B2,0.1,94,1,93,58,55.48982766967156,0.9567211667184752,58,35,0.6236559139784946,5.443397521972656,9.355099201202393
233406ef,B0,B0,,135,1,134,80,67.18757500950193,0.8398446876187741,134,0,1.0,5.986181259155273,13.757080316543579
233406ef,B2,B2,0.1,135,1,134,80,66.42373791806396,0.8302967239757996,60,74,0.44776119402985076,5.920638084411621,13.747329950332642
2u8x1k06,B0,B0,,323,1,322,114,29.92218100536334,0.26247527197687137,322,0,1.0,8.295665740966797,35.1808876991272
2u8x1k06,B2,B2,0.1,323,1,322,114,30.091898546883524,0.2639640223410835,32,290,0.09937888198757763,8.02938175201416,33.36444640159607
4heroisd,B0,B0,,65,2,64,84,71.42919491946651,0.8503475585650775,64,0,1.0,5.351485729217529,7.975243330001831
4heroisd,B2,B2,0.1,65,2,64,84,70.22694512122035,0.8360350609669089,20,44,0.3125,5.256460666656494,7.773372411727905
5ixdd0df,B0,B0,,131,1,130,107,71.67796084473808,0.6698874845302625,130,0,1.0,5.937541961669922,13.430015087127686
5ixdd0df,B2,B2,0.1,131,1,130,107,29.902497387854897,0.2794625924098588,89,41,0.6846153846153846,5.900808811187744,13.395298957824707
5oe1xea6,B0,B0,,126,1,125,86,72.14766053266922,0.8389262852635956,125,0,1.0,5.871829509735107,12.913840055465698
5oe1xea6,B2,B2,0.1,126,1,125,86,5.947203626663473,0.06915353054259853,118,7,0.944,5.865324974060059,12.816479682922363
5z6j8sms,B0,B0,,367,1,366,322,286.9980779035993,0.8912983785826066,366,0,1.0,8.836997509002686,37.42494821548462
5z6j8sms,B2,B2,0.1,367,1,366,322,277.8770307872654,0.8629721453020666,286,80,0.7814207650273224,8.76265001296997,38.2630569934845
6pbz05ig,B0,B0,,66,1,65,50,42.77334335082324,0.8554668670164648,65,0,1.0,5.140222072601318,6.6618993282318115
6pbz05ig,B2,B2,0.1,66,1,65,50,42.7486026567846,0.8549720531356919,46,19,0.7076923076923077,5.122565269470215,6.706465244293213
6uspxt1h,B0,B0,,51,2,50,87,70.70537037025079,0.8127054065546068,50,0,1.0,5.172213077545166,6.150070667266846
6uspxt1h,B2,B2,0.1,51,2,50,87,19.069300686870555,0.21918736421690294,4,46,0.08,4.981042385101318,5.861612319946289
7e709e2d,B0,B0,,132,2,131,252,225.88208033705817,0.8963574616549927,131,0,1.0,6.241159439086914,16.124382257461548
7e709e2d,B2,B2,0.1,132,2,131,252,224.2942737077143,0.8900566416972789,101,30,0.7709923664122137,6.183959484100342,16.5469172000885
8248698e,B0,B0,,53,7,52,254,218.28066681365226,0.8593727039907569,52,0,1.0,6.380897045135498,10.410847902297974
8248698e,B2,B2,0.1,53,7,52,254,177.52237615426048,0.698906992733309,5,47,0.09615384615384616,5.905731678009033,10.342226505279541
83y40rzo,B0,B0,,64,1,63,43,33.84401986421854,0.7870702294004311,63,0,1.0,5.114559650421143,6.426546812057495
83y40rzo,B2,B2,0.1,64,1,63,43,33.67213074905863,0.7830728081176426,41,22,0.6507936507936508,5.094114780426025,6.498344659805298
86a2b59f,B0,B0,,34,19,33,556,413.1237286256711,0.7430282888950919,33,0,1.0,8.804567813873291,14.175600528717041
86a2b59f,B2,B2,0.1,34,19,33,556,389.36041589688057,0.7002885178001449,0,33,0.0,5.79638671875,9.95055103302002
89b5mx0s,B0,B0,,69,1,68,43,17.859954835673886,0.4153477868761369,68,0,1.0,5.175163269042969,7.006049871444702
89b5mx0s,B2,B2,0.1,69,1,68,43,40.22411714672841,0.9354445848076375,44,24,0.6470588235294118,5.152859687805176,7.0973005294799805
8bex1hz5,B0,B0,,70,1,69,62,46.030407510180645,0.7424259275835587,69,0,1.0,5.18831205368042,6.973045825958252
8bex1hz5,B2,B2,0.1,70,1,69,62,45.901744534288895,0.7403507182949822,54,15,0.782608695652174,5.176231384277344,7.033220291137695
8euadjai,B0,B0,,38,1,37,27,25.232211515647577,0.9345263524313917,37,0,1.0,4.795291423797607,3.8624629974365234
8euadjai,B2,B2,0.1,38,1,37,27,13.336014356865096,0.4939264576616702,15,22,0.40540540540540543,4.776325225830078,3.82423734664917
8jfizvdz,B0,B0,,76,3,75,147,137.24215276735,0.9336200868527211,75,0,1.0,5.787045001983643,10.397064208984375
8jfizvdz,B2,B2,0.1,76,3,75,147,73.80320618236259,0.502062627090902,10,65,0.13333333333333333,5.579961776733398,10.569567441940308
8tvotg2q,B0,B0,,59,1,58,34,31.89678176647723,0.9381406401905067,58,0,1.0,5.052315711975098,5.903171062469482
8tvotg2q,B2,B2,0.1,59,1,58,34,31.849841252927664,0.9367600368508137,34,24,0.5862068965517241,5.03269100189209,5.933527231216431
9061dac9,B0,B0,,54,6,53,194,137.5981551049433,0.7092688407471304,53,0,1.0,6.140918731689453,9.701392650604248
9061dac9,B2,B2,0.1,54,6,53,194,102.19013747296293,0.5267532859431079,7,46,0.1320754716981132,5.8752217292785645,9.409706830978394
95hiop0z,B0,B0,,84,1,83,53,50.93148459365758,0.9609714074275015,83,0,1.0,5.360804080963135,8.435950994491577
95hiop0z,B2,B2,0.1,84,1,83,53,50.93062485646036,0.9609551859709502,49,34,0.5903614457831325,5.329206943511963,8.61467456817627
9g0v3wxp,B0,B0,,600,1,599,587,552.4268005581164,0.9411018748860586,599,0,1.0,11.699738025665283,62.00082063674927
9g0v3wxp,B2,B2,0.1,600,1,599,587,552.3000604367156,0.9408859632652736,576,23,0.9616026711185309,11.678363800048828,63.16619086265564
a97wplik,B0,B0,,90,4,89,10,8.995942209447751,0.8995942209447751,89,0,1.0,5.86783504486084,11.387602090835571
a97wplik,B2,B2,0.1,90,4,89,10,8.973187604203481,0.8973187604203481,1,88,0.011235955056179775,5.390277862548828,10.78450608253479
atwg18fz,B0,B0,,104,1,103,41,39.1187572479213,0.9541160304371049,103,0,1.0,5.606628894805908,10.66310977935791
atwg18fz,B2,B2,0.1,104,1,103,41,39.078971738643325,0.9531456521620323,61,42,0.5922330097087378,5.567596912384033,10.837767362594604
b563b04f,B0,B0,,225,1,224,186,89.3503100642804,0.4803780110982817,224,0,1.0,7.091657638549805,23.214994430541992
b563b04f,B2,B2,0.1,225,1,224,186,160.45359190442673,0.8626537199162727,173,51,0.7723214285714286,7.0474324226379395,23.40644860267639
barjazzs,B0,B0,,167,1,166,146,114.50841717644808,0.7843042272359457,166,0,1.0,6.3748087882995605,16.88029456138611
barjazzs,B2,B2,0.1,167,1,166,146,115.25364898910951,0.7894085547199281,113,53,0.6807228915662651,6.325553894042969,17.095617532730103
bvmdlnk1,B0,B0,,89,1,88,28,5.516861920311949,0.19703078286828388,88,0,1.0,5.420858383178711,9.389199256896973
bvmdlnk1,B2,B2,0.1,89,1,88,28,5.536020356247547,0.19771501272312667,5,83,0.056818181818181816,5.346951007843018,8.818212985992432
ceuol9pe,B0,B0,,100,1,99,83,76.34327428539831,0.9197984853662446,99,0,1.0,5.54793643951416,9.944395303726196
ceuol9pe,B2,B2,0.1,100,1,99,83,3.246643929127953,0.03911619191720425,2,97,0.020202020202020204,5.460944175720215,9.791754007339478
cmmzeeko,B0,B0,,147,1,146,54,53.103974433810535,0.9834069339594543,146,0,1.0,6.134052276611328,14.832880735397339
cmmzeeko,B2,B2,0.1,147,1,146,54,53.11710598939779,0.983650110914774,55,91,0.3767123287671233,6.0494818687438965,14.910392045974731
csokkzd1,B0,B0,,98,1,97,62,4.833324944281621,0.07795685394002615,97,0,1.0,5.532693386077881,10.036913871765137
csokkzd1,B2,B2,0.1,98,1,97,62,9.178019779208398,0.1480325770840064,12,85,0.12371134020618557,5.456107139587402,10.059611320495605
cxhkrobf,B0,B0,,61,1,60,43,36.96760482043218,0.8597117400100507,60,0,1.0,5.078005313873291,6.0631163120269775
cxhkrobf,B2,B2,0.1,61,1,60,43,1.698749876102686,0.03950581107215549,17,43,0.2833333333333333,5.038973331451416,5.8065032958984375
d48c552d,B0,B0,,71,3,70,190,173.93930996033606,0.9154700524228214,70,0,1.0,5.714879035949707,9.556590557098389
d48c552d,B2,B2,0.1,71,3,70,190,131.1850240910604,0.6904474952161074,47,23,0.6714285714285714,5.63778829574585,9.957211971282959
dde85a9d,B0,B0,,31,1,30,15,8.489344713267696,0.5659563142178464,30,0,1.0,4.703902244567871,3.0195748805999756
dde85a9d,B2,B2,0.1,31,1,30,15,8.41013142100111,0.5606754280667406,10,20,0.3333333333333333,4.6881513595581055,3.4135420322418213
e14d1f96,B0,B0,,101,1,100,76,56.007730572155545,0.7369438233178361,100,0,1.0,5.568275451660156,9.949419260025024
e14d1f96,B2,B2,0.1,101,1,100,76,56.37934443977306,0.7418334794706981,67,33,0.67,5.537607669830322,10.18011212348938
ea65e6b7,B0,B0,,51,1,50,37,24.622528271259988,0.6654737370610807,50,0,1.0,4.954990386962891,5.537442445755005
ea65e6b7,B2,B2,0.1,51,1,50,37,26.338657480940537,0.7118556075929875,30,20,0.6,4.939632415771484,5.011724233627319
f24rbcm7,B0,B0,,86,1,85,33,10.024454337763649,0.3037713435685954,85,0,1.0,5.384824275970459,8.76997971534729
f24rbcm7,B2,B2,0.1,86,1,85,33,10.12048715622007,0.30668142897636574,13,72,0.15294117647058825,5.320319652557373,9.211814403533936
f5d2d8d3,B0,B0,,180,4,179,641,517.697809912555,0.8076408890991499,179,0,1.0,7.6201982498168945,28.00250244140625
f5d2d8d3,B2,B2,0.1,180,4,179,641,481.7574794761662,0.7515717308520534,104,75,0.5810055865921788,7.336197853088379,28.992546319961548
f8e5f837,B0,B0,,36,3,35,84,74.75583703401024,0.8899504408810743,35,0,1.0,5.176710605621338,4.667036533355713
f8e5f837,B2,B2,0.1,36,3,35,84,74.55181501156322,0.8875216072805145,12,23,0.34285714285714286,5.101241111755371,4.604440212249756
fihg1bdo,B0,B0,,69,1,68,42,27.847033437358267,0.6630246056513873,68,0,1.0,5.175163269042969,6.853082180023193
fihg1bdo,B2,B2,0.1,69,1,68,42,19.113689377700965,0.45508784232621347,23,45,0.3382352941176471,5.135642051696777,6.966020584106445
fsi3n9sa,B0,B0,,61,2,60,83,74.87800238216836,0.9021446070140766,60,0,1.0,5.309163570404053,7.320543527603149
fsi3n9sa,B2,B2,0.1,61,2,60,83,65.46803275594851,0.7887714789873315,26,34,0.43333333333333335,5.234935283660889,7.310257911682129
fvuleox7,B0,B0,,167,1,166,51,49.30697470932871,0.9668034256731121,166,0,1.0,6.379201889038086,16.73791193962097
fvuleox7,B2,B2,0.1,167,1,166,51,49.305235269061505,0.966769319001206,52,114,0.3132530120481928,6.273256301879883,17.39198064804077
g6ir5t2f,B0,B0,,110,3,109,214,178.23929030526537,0.8328938799311466,109,0,1.0,6.286048412322998,15.137577772140503
g6ir5t2f,B2,B2,0.1,110,3,109,214,188.25829353494433,0.8797116520324502,54,55,0.4954128440366973,6.107439041137695,15.125224113464355
gz9huf37,B0,B0,,85,1,84,41,7.630623178069074,0.18611276044070912,84,0,1.0,5.372159481048584,8.632423162460327
gz9huf37,B2,B2,0.1,85,1,84,41,8.574989600424944,0.20914608781524255,9,75,0.10714285714285714,5.305246829986572,8.355883359909058
h7btlkbi,B0,B0,,90,1,89,26,11.676713094776115,0.44910434979908137,89,0,1.0,5.434512615203857,9.067220211029053
h7btlkbi,B2,B2,0.1,90,1,89,26,11.676713094776115,0.44910434979908137,27,62,0.30337078651685395,5.376893520355225,9.553879261016846
hm8b1caq,B0,B0,,83,1,82,36,6.874453485204993,0.19095704125569427,82,0,1.0,5.348011016845703,8.233092069625854
hm8b1caq,B2,B2,0.1,83,1,82,36,15.630061943836608,0.4341683873287947,10,72,0.12195121951219512,5.284326553344727,8.326615571975708
i3bi3vff,B0,B0,,97,1,96,33,23.73373118748161,0.7192039753782306,96,0,1.0,5.519665241241455,10.325957536697388
i3bi3vff,B2,B2,0.1,97,1,96,33,21.92490413064208,0.6643910342618812,39,57,0.40625,5.466692924499512,9.76805067062378
iqxext8k,B0,B0,,106,1,105,70,57.18157289212268,0.8168796127446097,105,0,1.0,5.630519390106201,11.196367263793945
iqxext8k,B2,B2,0.1,106,1,105,70,58.6337861945059,0.83762551706437,51,54,0.4857142857142857,5.5803351402282715,10.725285530090332
k6mwrhcn,B0,B0,,98,1,97,30,15.48292612029764,0.5160975373432547,97,0,1.0,5.532693386077881,10.489746809005737
k6mwrhcn,B2,B2,0.1,98,1,97,30,25.10797466738896,0.8369324889129653,43,54,0.44329896907216493,5.482509136199951,9.869968175888062
kuyatgrp,B0,B0,,428,1,427,307,171.05443347939422,0.55718056507946,427,0,1.0,9.58621072769165,43.87336325645447
kuyatgrp,B2,B2,0.1,428,1,427,307,233.30299027147922,0.7599445937181734,289,138,0.6768149882903981,9.457960605621338,44.73525643348694
kv53tjsw,B0,B0,,141,1,140,10,4.6845899870687076,0.46845899870687074,140,0,1.0,6.060116767883301,14.446086168289185
kv53tjsw,B2,B2,0.1,141,1,140,10,6.754107161534142,0.6754107161534142,15,125,0.10714285714285714,5.94531774520874,14.223123788833618
l6zdy2cc,B0,B0,,28,8,27,127,109.73185718678185,0.8640303715494634,27,0,1.0,6.1646833419799805,5.700440883636475
l6zdy2cc,B2,B2,0.1,28,8,27,127,110.0017293892563,0.8661553495217031,8,19,0.2962962962962963,6.029044151306152,5.736585855484009
l7k00l6c,B0,B0,,93,1,92,34,31.14015643376269,0.9158869539341968,92,0,1.0,5.470585823059082,9.312058448791504
l7k00l6c,B2,B2,0.1,93,1,92,34,30.33313499242223,0.8921510291888891,32,60,0.34782608695652173,5.41805362701416,9.32603120803833
leu252hn,B0,B0,,196,1,195,134,53.35545370550888,0.39817502765305135,195,0,1.0,6.737051486968994,19.924479007720947
leu252hn,B2,B2,0.1,196,1,195,134,3.773596247349362,0.028161166024995236,1,194,0.005128205128205128,6.5591654777526855,18.648648262023926
lfc2jl2f,B0,B0,,86,1,85,52,46.963788821321806,0.9031497850254193,85,0,1.0,5.384824275970459,8.632995843887329
lfc2jl2f,B2,B2,0.1,86,1,85,52,13.45342449679383,0.2587197018614198,71,14,0.8352941176470589,5.371814250946045,9.264755010604858
mfble881,B0,B0,,84,1,83,53,0.4991905018888289,0.009418688714883564,83,0,1.0,5.360804080963135,8.36843752861023
mfble881,B2,B2,0.1,84,1,83,53,5.356857155039001,0.10107277651016983,21,62,0.25301204819277107,5.305043697357178,8.303889036178589
nl87m8lt,B0,B0,,95,1,94,51,33.041790074559216,0.647878236756063,94,0,1.0,5.494566917419434,9.567108631134033
nl87m8lt,B2,B2,0.1,95,1,94,51,45.144472545933965,0.8851857361947836,50,44,0.5319148936170213,5.453676223754883,9.656984806060791
nsg01vj9,B0,B0,,92,1,91,46,44.25197320429412,0.9619994174846547,91,0,1.0,5.4587578773498535,9.80255913734436
nsg01vj9,B2,B2,0.1,92,1,91,46,44.316184650026536,0.9633953184788377,44,47,0.4835164835164835,5.417487144470215,9.264537572860718
nxzxpfac,B0,B0,,100,1,99,19,16.905566110172852,0.8897666373775186,99,0,1.0,5.5568108558654785,10.124633312225342
nxzxpfac,B2,B2,0.1,100,1,99,19,16.93430082019988,0.8912789905368358,18,81,0.18181818181818182,5.483942031860352,10.087646722793579
nz14uioy,B0,B0,,54,1,53,43,33.69785673467261,0.7836710868528515,53,0,1.0,4.992351055145264,5.37971830368042
nz14uioy,B2,B2,0.1,54,1,53,43,27.04106273233151,0.6288619240077096,24,29,0.4528301886792453,4.965400695800781,5.151843070983887
oq4xkb08,B0,B0,,390,1,389,317,40.5189753810276,0.12782011161207446,389,0,1.0,9.11993932723999,43.69558143615723
oq4xkb08,B2,B2,0.1,390,1,389,317,159.89652701165465,0.5044054479862923,156,233,0.40102827763496146,8.905259132385254,40.2453715801239
paqd3t4y,B0,B0,,82,1,81,59,43.220857413036846,0.7325569053057093,81,0,1.0,5.336183071136475,8.216724634170532
paqd3t4y,B2,B2,0.1,82,1,81,59,43.21205194891336,0.732407660151074,40,41,0.49382716049382713,5.300488471984863,8.749923944473267
pl1t7w03,B0,B0,,144,1,143,105,97.01660409458164,0.9239676580436347,143,0,1.0,6.092094898223877,14.432730913162231
pl1t7w03,B2,B2,0.1,144,1,143,105,97.08092250898832,0.9245802143713173,90,53,0.6293706293706294,6.045660018920898,15.052105188369751
ponb8hrz,B0,B0,,87,1,86,62,60.80702577415216,0.9807584802282606,86,0,1.0,5.396650314331055,8.679011344909668
ponb8hrz,B2,B2,0.1,87,1,86,62,60.77125393715661,0.9801815151154292,62,24,0.7209302325581395,5.374346733093262,9.324036836624146
pq6uabeq,B0,B0,,85,2,84,119,110.00267516756622,0.9243922282988758,84,0,1.0,5.627817630767822,10.320564985275269
pq6uabeq,B2,B2,0.1,85,2,84,119,107.78801578471138,0.9057816452496754,17,67,0.20238095238095238,5.4905877113342285,10.362616777420044
r2fmxg6h,B0,B0,,61,2,60,70,45.12937617241174,0.6447053738915963,60,0,1.0,5.309163570404053,7.408565282821655
r2fmxg6h,B2,B2,0.1,61,2,60,70,37.91183425173589,0.5415976321676556,3,57,0.05,5.0437445640563965,6.8244788646698
s41qtfd2,B0,B0,,84,1,83,11,3.8248079771573362,0.3477098161052124,83,0,1.0,5.360804080963135,8.441097974777222
s41qtfd2,B2,B2,0.1,84,1,83,11,3.870899633168196,0.3518999666516542,5,78,0.060240963855421686,5.2901740074157715,8.336319923400879
spakvkft,B0,B0,,93,1,92,76,67.64956661810687,0.8901258765540379,92,0,1.0,5.470585823059082,9.343881607055664
spakvkft,B2,B2,0.1,93,1,92,76,67.52851975961123,0.8885331547317267,68,24,0.7391304347826086,5.448282241821289,10.066651582717896
u1khbyb0,B0,B0,,41,2,40,70,61.91704532163345,0.8845292188804779,40,0,1.0,5.024088382720947,4.850285053253174
u1khbyb0,B2,B2,0.1,41,2,40,70,61.91546233414802,0.8845066047735431,35,5,0.875,5.01365852355957,4.853386640548706
u5uziar2,B0,B0,,279,1,278,132,99.36233727347144,0.7527449793444806,278,0,1.0,7.750568866729736,29.525864839553833
u5uziar2,B2,B2,0.1,279,1,278,132,101.14574559563268,0.7662556484517626,126,152,0.45323741007194246,7.609307765960693,28.64996600151062
vonb12dh,B0,B0,,61,1,60,41,33.952039205775634,0.8280985172140398,60,0,1.0,5.078005313873291,6.580427408218384
vonb12dh,B2,B2,0.1,61,1,60,41,32.82219479250991,0.8005413364026808,24,36,0.4,5.047337532043457,6.113627195358276
vu9u4d13,B0,B0,,416,1,415,273,190.75439165587008,0.6987340353694875,415,0,1.0,9.43955659866333,43.878567934036255
vu9u4d13,B2,B2,0.1,416,1,415,273,244.0040719321692,0.8937878092753451,259,156,0.6240963855421687,9.294578075408936,42.9782190322876
w6eqbxev,B0,B0,,85,1,84,11,0.9579052511415526,0.08708229555832296,84,0,1.0,5.372159481048584,8.247401237487793
w6eqbxev,B2,B2,0.1,85,1,84,11,9.758195516751975,0.8871086833410886,10,74,0.11904761904761904,5.3033881187438965,7.9249396324157715
z5lwwo14,B0,B0,,100,1,99,86,51.1476464771731,0.5947400753159663,99,0,1.0,5.5568108558654785,10.578151941299438
z5lwwo14,B2,B2,0.1,100,1,99,86,42.71009463062133,0.4966290073328061,37,62,0.37373737373737376,5.499191761016846,9.948592185974121
